<gmd:MD_Metadata xmlns:srv="http://www.isotc211.org/2005/srv" xmlns:gml="http://www.opengis.net/gml" xmlns:xlink="http://www.w3.org/1999/xlink" xmlns:gmd="http://www.isotc211.org/2005/gmd" xmlns:gco="http://www.isotc211.org/2005/gco" xmlns:gts="http://www.isotc211.org/2005/gts" xmlns="http://www.isotc211.org/2005/gmd">
  <gmd:language>
    <gmd:LanguageCode codeList="http://www.loc.gov/standards/iso639-2/php/code_list.php" codeSpace="ISO639-2" codeListValue="eng">eng</gmd:LanguageCode>
  </gmd:language>
  <gmd:characterSet>
    <gmd:MD_CharacterSetCode codeList="http://www.isotc211.org/2005/resources/Codelist/gmxCodelists.xml#MD_CharacterSetCode" codeSpace="ISOTC211/19115" codeListValue="utf8">utf8</gmd:MD_CharacterSetCode>
  </gmd:characterSet>
  <gmd:hierarchyLevel>
    <gmd:MD_ScopeCode codeList="http://www.isotc211.org/2005/resources/Codelist/gmxCodelists.xml#MD_ScopeCode" codeSpace="ISOTC211/19115" codeListValue="dataset">dataset</gmd:MD_ScopeCode>
  </gmd:hierarchyLevel>
  <gmd:hierarchyLevelName>
    <gco:CharacterString>dataset</gco:CharacterString>
  </gmd:hierarchyLevelName>
  <gmd:contact>
    <gmd:CI_ResponsibleParty>
      <gmd:individualName>
        <gco:CharacterString>Geospatial Team</gco:CharacterString>
      </gmd:individualName>
      <gmd:organisationName>
        <gco:CharacterString>Stats NZ</gco:CharacterString>
      </gmd:organisationName>
      <gmd:contactInfo>
        <gmd:CI_Contact>
          <gmd:phone>
            <gmd:CI_Telephone>
              <gmd:voice>
                <gco:CharacterString>0508 525 525</gco:CharacterString>
              </gmd:voice>
            </gmd:CI_Telephone>
          </gmd:phone>
          <gmd:address>
            <gmd:CI_Address>
              <gmd:electronicMailAddress>
                <gco:CharacterString>geography@stats.govt.nz</gco:CharacterString>
              </gmd:electronicMailAddress>
            </gmd:CI_Address>
          </gmd:address>
          <gmd:onlineResource>
            <gmd:CI_OnlineResource>
              <gmd:linkage>
                <gmd:URL>https://datafinder.stats.govt.nz/</gmd:URL>
              </gmd:linkage>
            </gmd:CI_OnlineResource>
          </gmd:onlineResource>
        </gmd:CI_Contact>
      </gmd:contactInfo>
      <gmd:role>
        <gmd:CI_RoleCode codeList="http://www.isotc211.org/2005/resources/Codelist/gmxCodelists.xml#CI_RoleCode" codeSpace="ISOTC211/19115" codeListValue="owner">owner</gmd:CI_RoleCode>
      </gmd:role>
    </gmd:CI_ResponsibleParty>
  </gmd:contact>
  <gmd:dateStamp>
    <gco:Date>2021-11-16</gco:Date>
  </gmd:dateStamp>
  <gmd:metadataStandardName>
    <gco:CharacterString>ISO 19139 Geographic Information - Metadata - Implementation Specification</gco:CharacterString>
  </gmd:metadataStandardName>
  <gmd:metadataStandardVersion>
    <gco:CharacterString>2007</gco:CharacterString>
  </gmd:metadataStandardVersion>
  <gmd:spatialRepresentationInfo>
    <gmd:MD_VectorSpatialRepresentation>
      <gmd:topologyLevel>
        <gmd:MD_TopologyLevelCode codeList="http://www.isotc211.org/2005/resources/Codelist/gmxCodelists.xml#MD_TopologyLevelCode" codeSpace="ISOTC211/19115" codeListValue="geometryOnly">geometryOnly</gmd:MD_TopologyLevelCode>
      </gmd:topologyLevel>
      <gmd:geometricObjects>
        <gmd:MD_GeometricObjects>
          <gmd:geometricObjectType>
            <gmd:MD_GeometricObjectTypeCode codeList="http://www.isotc211.org/2005/resources/Codelist/gmxCodelists.xml#MD_GeometricObjectTypeCode" codeSpace="ISOTC211/19115" codeListValue="composite">composite</gmd:MD_GeometricObjectTypeCode>
          </gmd:geometricObjectType>
          <gmd:geometricObjectCount>
            <gco:Integer>2260</gco:Integer>
          </gmd:geometricObjectCount>
        </gmd:MD_GeometricObjects>
      </gmd:geometricObjects>
    </gmd:MD_VectorSpatialRepresentation>
  </gmd:spatialRepresentationInfo>
  <gmd:referenceSystemInfo>
    <gmd:MD_ReferenceSystem>
      <gmd:referenceSystemIdentifier>
        <gmd:RS_Identifier>
          <gmd:code>
            <gco:CharacterString>2193</gco:CharacterString>
          </gmd:code>
          <gmd:codeSpace>
            <gco:CharacterString>EPSG</gco:CharacterString>
          </gmd:codeSpace>
          <gmd:version>
            <gco:CharacterString>7.9.4(9.0.0)</gco:CharacterString>
          </gmd:version>
        </gmd:RS_Identifier>
      </gmd:referenceSystemIdentifier>
    </gmd:MD_ReferenceSystem>
  </gmd:referenceSystemInfo>
  <gmd:identificationInfo>
    <gmd:MD_DataIdentification>
      <gmd:citation>
        <gmd:CI_Citation>
          <gmd:title>
            <gco:CharacterString>SA22022_V1_00</gco:CharacterString>
          </gmd:title>
          <gmd:date>
            <gmd:CI_Date>
              <gmd:date>
                <gco:Date>2019-12-04</gco:Date>
              </gmd:date>
              <gmd:dateType>
                <gmd:CI_DateTypeCode codeList="http://www.isotc211.org/2005/resources/Codelist/gmxCodelists.xml#CI_DateTypeCode" codeSpace="ISOTC211/19115" codeListValue="publication">publication</gmd:CI_DateTypeCode>
              </gmd:dateType>
            </gmd:CI_Date>
          </gmd:date>
          <gmd:presentationForm>
            <gmd:CI_PresentationFormCode codeList="http://www.isotc211.org/2005/resources/Codelist/gmxCodelists.xml#CI_PresentationFormCode" codeSpace="ISOTC211/19115" codeListValue="mapDigital">mapDigital</gmd:CI_PresentationFormCode>
          </gmd:presentationForm>
        </gmd:CI_Citation>
      </gmd:citation>
      <gmd:abstract>
        <gco:CharacterString>This dataset is the definitive set of statistical area 2 (SA2) boundaries for 2022 as defined by Stats NZ.Statistical area 2 (SA2) is an output geography that provides higher aggregations of population data than can be provided at the statistical area 1 (SA1) level. The SA2 geography aims to reflect communities that interact together socially and economically. In populated areas, SA2s generally contain similar sized populations.Macrons: Data is provided with tohutō/macrons (UTF-8 format).To support users with the compatibility of the data and the applications they might be using, additional fields are also provided in ASCII format.The SA2 should:- form a contiguous cluster of one or more SA1s- excluding exceptions below, allow the release of multivariate statistics with minimal data suppression - capture a similar type of area, such as high-density urban areas, farmland, wilderness areas, and water areas - be socially homogeneous and capture a community of interest. It may have, for example: - a shared road network - shared community facilities - shared historical or social links, or - socio-economic similarity - form a nested hierarchy with statistical output geographies and administrative boundaries. It must: - be built from SA1s - either define or aggregate to define urban rural areas, territorial authorities, and regional councils.SA2s in city council areas generally have a population of 2,000–4,000 residents while SA2s in district council areas generally have a population of 1,000–3,000 residents. In rural areas, many SA2s have fewer than 1,000 residents because they are in conservation areas or contain sparse populations that cover a large area, for example, Fiordland. SA2s have been created in urban areas for areas that contain significant business and industrial activity, for example ports, airports, industrial, commercial, and retail areas. These areas have fewer than 1,000 residents and are useful for analysing business demographics, labour markets, and travel-to-work patterns. In major urban areas, an SA2 or a group of SA2s often approximates a single suburb. A small urban area containing up to 5,000 residents may be represented by a single SA2. In rural areas, rural settlements are included in their respective SA2 with the surrounding rural area. Some SA2s with nil or nominal populations have been created to ensure that the SA2 geography covers all of New Zealand and aligns with New Zealand’s topography and local government boundaries. These types of SA2s are described below. SA2s with nil or nominal resident populations are created to represent inland water, inlets or oceanic areas and include: - inland lakes larger than 50 km2 (lakes smaller than 50 km2are included with the surrounding land SA2)- harbours larger than 40 km2- major ports - other non-contiguous inlets and harbours defined by territorial authority- contiguous oceanic areas defined by regional council. Stewart Island and Chatham Islands are represented by separate SA2s. To minimise suppression of population data, small islands with nil or low populations close to the mainland are generally included with their adjacent land based SA2. SA2s have been created for populated single islands or groups of islands which are some distance from the mainland, or to separate large unpopulated islands from urban areas.These SA2s are: Three Kings Islands Barrier Islands (includes Great Barrier and Little Barrier Islands, and other nearby islands) Gulf Islands (includes Motutapu, Rangitoto, and other islands in the Hauraki Gulf) Islands Thames Coromandel District Islands Bay of Plenty Region (Motiti Island, Mayor Island, Moutohora Island, and White Island) Bare Island (in the Bay of Plenty region but outside the territorial authority area)Motunau Island (in the Canterbury region but outside the territorial authority area)Matanaka Island Kapiti Island Mana Island Islands Tasman District (Best Island, Bell Island, and Rabbit Island) In rural areas where territorial authority boundaries straddle regional council boundaries, SA2s have been created to maintain the statistical geography and administrative area hierarchy. These SA2s each have fewer than 200 residents and are: Arahiwi, Tiroa, Rangataiki, KaimanaMotuwa, Taharua, Te More, Ngamatea, Whangamomona, and Mara. The SA2 classification is a flat classification. As at 2022, there are 2,260SA2s, including 2,244digitised SA2s and 16 non-digitised SA2s. Each SA2 is a single geographic entity with a name and a numeric code. The name refers to a geographic feature or a recognised place name or suburb. In some instances where place names are the same or very similar, the SA2s are differentiated by their territorial authority, for example, Gladstone (Invercargill City) and Gladstone (Carterton District). SA2 codes have six digits. North Island SA2 codes start with a ‘1’ or ‘2’ and South Island SA2 codes start with a ‘3’. They are numbered approximately north to south within their respective territorial authorities. When first created in 2018, the last two digits of each code was 00. When SA2 boundaries change, only the last two digits of the code change to ensure the north-south pattern is maintained. Aggregated from meshblocks, SA2s cover the land area of New Zealand, the water area to the 12-mile limit, the Chatham Islands, Kermadec Islands, sub-Antarctic islands, off-shore oil rigs, and Ross Dependency. The following 16 SA2s are not held in digitised form.SA2 codeSA2 name400001New Zealand Economic Zone400002Oceanic Kermadec Islands400003Kermadec Islands400004Oceanic Oil Rig Taranaki400005Oceanic Campbell Island400006Campbell Island400007Oceanic Oil Rig Southland400008Oceanic Auckland Islands400009Auckland Islands400010Oceanic Bounty Islands400011Bounty Islands400012Oceanic Snares Islands400013Snares Islands400014Oceanic Antipodes Islands400015Antipodes Islands400016Ross DependencyDigital boundary data became freely available on 1 July 2007.</gco:CharacterString>
      </gmd:abstract>
      <gmd:purpose>
        <gco:CharacterString>This dataset is the definitive version of the annually released statistical area 2 boundaries as at 1 January 2022 as defined by Stats NZ.  This version contains 2,260 statistical area 2 areas.</gco:CharacterString>
      </gmd:purpose>
      <gmd:credit>
        <gco:CharacterString>Stats NZ</gco:CharacterString>
      </gmd:credit>
      <gmd:pointOfContact>
        <gmd:CI_ResponsibleParty>
          <gmd:individualName>
            <gco:CharacterString>Geospatial Team</gco:CharacterString>
          </gmd:individualName>
          <gmd:organisationName>
            <gco:CharacterString>Stats NZ</gco:CharacterString>
          </gmd:organisationName>
          <gmd:contactInfo>
            <gmd:CI_Contact>
              <gmd:phone>
                <gmd:CI_Telephone>
                  <gmd:voice>
                    <gco:CharacterString>0508 525 525</gco:CharacterString>
                  </gmd:voice>
                </gmd:CI_Telephone>
              </gmd:phone>
              <gmd:address>
                <gmd:CI_Address>
                  <gmd:electronicMailAddress>
                    <gco:CharacterString>geography@stats.govt.nz</gco:CharacterString>
                  </gmd:electronicMailAddress>
                </gmd:CI_Address>
              </gmd:address>
              <gmd:onlineResource>
                <gmd:CI_OnlineResource>
                  <gmd:linkage>
                    <gmd:URL>https://datafinder.stats.govt.nz/</gmd:URL>
                  </gmd:linkage>
                </gmd:CI_OnlineResource>
              </gmd:onlineResource>
            </gmd:CI_Contact>
          </gmd:contactInfo>
          <gmd:role>
            <gmd:CI_RoleCode codeList="http://www.isotc211.org/2005/resources/Codelist/gmxCodelists.xml#CI_RoleCode" codeSpace="ISOTC211/19115" codeListValue="owner">owner</gmd:CI_RoleCode>
          </gmd:role>
        </gmd:CI_ResponsibleParty>
      </gmd:pointOfContact>
      <gmd:descriptiveKeywords>
        <gmd:MD_Keywords>
          <gmd:keyword>
            <gco:CharacterString>Downloadable Data</gco:CharacterString>
          </gmd:keyword>
          <gmd:thesaurusName/>
        </gmd:MD_Keywords>
      </gmd:descriptiveKeywords>
      <gmd:descriptiveKeywords>
        <gmd:MD_Keywords>
          <gmd:keyword>
            <gco:CharacterString>Statistical Area 2</gco:CharacterString>
          </gmd:keyword>
          <gmd:keyword>
            <gco:CharacterString>statistical area 2</gco:CharacterString>
          </gmd:keyword>
          <gmd:keyword>
            <gco:CharacterString>SA2</gco:CharacterString>
          </gmd:keyword>
          <gmd:keyword>
            <gco:CharacterString>Stats NZ</gco:CharacterString>
          </gmd:keyword>
        </gmd:MD_Keywords>
      </gmd:descriptiveKeywords>
      <gmd:resourceConstraints>
        <gmd:MD_Constraints>
          <gmd:useLimitation>
            <gco:CharacterString>Creative Commons Attribution 4.0 International (CC BY 4.0)</gco:CharacterString>
          </gmd:useLimitation>
        </gmd:MD_Constraints>
      </gmd:resourceConstraints>
      <gmd:spatialRepresentationType>
        <gmd:MD_SpatialRepresentationTypeCode codeList="http://www.isotc211.org/2005/resources/Codelist/gmxCodelists.xml#MD_SpatialRepresentationTypeCode" codeSpace="ISOTC211/19115" codeListValue="vector">vector</gmd:MD_SpatialRepresentationTypeCode>
      </gmd:spatialRepresentationType>
      <gmd:language>
        <gmd:LanguageCode codeList="http://www.loc.gov/standards/iso639-2/php/code_list.php" codeSpace="ISO639-2" codeListValue="eng">eng</gmd:LanguageCode>
      </gmd:language>
      <gmd:characterSet>
        <gmd:MD_CharacterSetCode codeList="http://www.isotc211.org/2005/resources/Codelist/gmxCodelists.xml#MD_CharacterSetCode" codeSpace="ISOTC211/19115" codeListValue="utf8">utf8</gmd:MD_CharacterSetCode>
      </gmd:characterSet>
      <gmd:topicCategory>
        <gmd:MD_TopicCategoryCode>boundaries</gmd:MD_TopicCategoryCode>
      </gmd:topicCategory>
      <gmd:environmentDescription>
        <gco:CharacterString>Version 6.2 (Build 9200) ; Esri ArcGIS 10.8.1.14362</gco:CharacterString>
      </gmd:environmentDescription>
      <gmd:extent>
        <gmd:EX_Extent>
          <gmd:geographicElement>
            <gmd:EX_GeographicBoundingBox>
              <gmd:extentTypeCode>
                <gco:Boolean>true</gco:Boolean>
              </gmd:extentTypeCode>
              <gmd:westBoundLongitude>
                <gco:Decimal>-180</gco:Decimal>
              </gmd:westBoundLongitude>
              <gmd:eastBoundLongitude>
                <gco:Decimal>180</gco:Decimal>
              </gmd:eastBoundLongitude>
              <gmd:southBoundLatitude>
                <gco:Decimal>-47.841491</gco:Decimal>
              </gmd:southBoundLatitude>
              <gmd:northBoundLatitude>
                <gco:Decimal>-33.559984</gco:Decimal>
              </gmd:northBoundLatitude>
            </gmd:EX_GeographicBoundingBox>
          </gmd:geographicElement>
        </gmd:EX_Extent>
      </gmd:extent>
    </gmd:MD_DataIdentification>
  </gmd:identificationInfo>
  <gmd:distributionInfo>
    <gmd:MD_Distribution>
      <gmd:distributionFormat>
        <gmd:MD_Format>
          <gmd:name>
            <gco:CharacterString>File Geodatabase Feature Class</gco:CharacterString>
          </gmd:name>
          <gmd:version/>
        </gmd:MD_Format>
      </gmd:distributionFormat>
    </gmd:MD_Distribution>
  </gmd:distributionInfo>
  <gmd:dataQualityInfo>
    <gmd:DQ_DataQuality>
      <gmd:scope>
        <gmd:DQ_Scope>
          <gmd:level>
            <gmd:MD_ScopeCode codeList="http://www.isotc211.org/2005/resources/Codelist/gmxCodelists.xml#MD_ScopeCode" codeSpace="ISOTC211/19115" codeListValue="dataset">dataset</gmd:MD_ScopeCode>
          </gmd:level>
        </gmd:DQ_Scope>
      </gmd:scope>
      <gmd:lineage>
        <gmd:LI_Lineage>
          <gmd:statement>
            <gco:CharacterString>SA2s are based on the meshblock pattern. 
Non-alignment of meshblock to cadastral boundaries is one of a number of reasons for meshblock boundary adjustments. Other reasons include requests from local authorities, Local Government Commission, Electoral Representation Commission, and to make census enumeration processes easier.
From the meshblock pattern, higher geographies, including the 2022 statistical area 2 pattern, were dissolved using the dissolve tool in the Arc GIS suite.</gco:CharacterString>
          </gmd:statement>
        </gmd:LI_Lineage>
      </gmd:lineage>
    </gmd:DQ_DataQuality>
  </gmd:dataQualityInfo>
</gmd:MD_Metadata>